{
  "rollWidget": {
    "origin": "BOTTOM",
    "offset": {
      "field_1343": -106.33341,
      "field_1342": -42.66664
    }
  }
}